id;numero_identificacion;email;comentarios;fecha_hora
1;78833;Marta.Calvillo92@hotmail.com;Plástico;2021-12-06T06:52:56
2;95275;Isabela13@yahoo.com;withdrawal sistemática;2021-12-06T07:44:07
3;50843;Adn_Senz@hotmail.com;enable Sabroso Aragón;2021-12-06T14:55:20
4;97284;Hugo_Roybal@yahoo.com;disintermediate up;2021-12-06T02:39:36
5;32289;Maricarmen59@gmail.com;navigating Cuentas feed;2021-12-06T18:38:54
6;1767;Emilio.Carbajal@hotmail.com;Terrenos estrategia;2021-12-06T10:00:21
7;3648;Roberto95@yahoo.com;Camiseta Atún JBOD;2021-12-06T19:12:23
8;72666;Marta96@gmail.com;Papúa;2021-12-06T15:29:22
9;43734;Miguelngel.Vargas11@gmail.com;e-markets;2021-12-06T04:31:48
10;60744;Guillermo_Daz@hotmail.com;system recontextualize Account;2021-12-06T06:52:20
